{
  "as_of": "2026-07-16",
  "buckets": [
    {
      "label": "주의 (≤−20)",
      "n": 6371,
      "ret_1m": 0.017288754590094595,
      "ret_3m": 0.11445369228382966,
      "ret_6m": 0.3063589940314742,
      "n_1m": 5307,
      "n_3m": 4446,
      "n_6m": 3731
    },
    {
      "label": "관망 (−19~+24)",
      "n": 15345,
      "ret_1m": 0.028289563842403963,
      "ret_3m": 0.13355962907086102,
      "ret_6m": 0.3283721472584394,
      "n_1m": 14180,
      "n_3m": 12535,
      "n_6m": 10175
    },
    {
      "label": "매수관심 (≥+25)",
      "n": 31396,
      "ret_1m": 0.035282133233978885,
      "ret_3m": 0.13945445307430196,
      "ret_6m": 0.3161727539366575,
      "n_1m": 30752,
      "n_3m": 26939,
      "n_6m": 20576
    }
  ]
}